{"cameraMode":{"drawMode":0,"name":"Shaded","section":"Shading Mode"},"sceneLighting":true,"audioPlay":false,"sceneViewState":{"m_AlwaysRefresh":false,"showFog":true,"showSkybox":false,"showFlares":true,"showImageEffects":true,"showParticleSystems":true,"showVisualEffectGraphs":true,"m_FxEnabled":true},"in2DMode":false,"pivot":{"x":-4.806616306304932,"y":1.7798672914505005,"z":2.2804737091064455},"rotation":{"x":-0.001199944643303752,"y":0.011641600169241429,"z":-0.0009200871572829783,"w":1.0001189708709717},"size":5.137307167053223,"orthographic":false}