{"cameraMode":{"drawMode":0,"name":"Shaded","section":"Shading Mode"},"sceneLighting":true,"audioPlay":false,"sceneViewState":{"m_AlwaysRefresh":false,"showFog":true,"showSkybox":false,"showFlares":true,"showImageEffects":true,"showParticleSystems":true,"showVisualEffectGraphs":true,"m_FxEnabled":true},"in2DMode":false,"pivot":{"x":-4.760000228881836,"y":1.5799999237060547,"z":10.529999732971192},"rotation":{"x":-0.001199944643303752,"y":0.011641600169241429,"z":-0.0009200871572829783,"w":1.0001189708709717},"size":3.6373062133789064,"orthographic":false}